{
	"start":	{
		"connected":	[{
				"socket":	5,
				"local_host":	"::1",
				"local_port":	47866,
				"remote_host":	"::1",
				"remote_port":	3000
			}],
		"version":	"iperf 3.17.1",
		"system_info":	"Linux ubuntu-s-2vcpu-2gb-90gb-intel-fra1-01 6.11.0-9-generic #9-Ubuntu SMP PREEMPT_DYNAMIC Mon Oct 14 13:19:59 UTC 2024 x86_64",
		"timestamp":	{
			"time":	"Mon, 05 May 2025 11:50:56 GMT",
			"timesecs":	1746445856
		},
		"connecting_to":	{
			"host":	"localhost",
			"port":	3000
		},
		"cookie":	"imugj6kdgz34qxegcl3gpcwa47ojmfjkegv3",
		"tcp_mss_default":	32768,
		"target_bitrate":	0,
		"fq_rate":	0,
		"sock_bufsize":	0,
		"sndbuf_actual":	16384,
		"rcvbuf_actual":	131072,
		"test_start":	{
			"protocol":	"TCP",
			"num_streams":	1,
			"blksize":	131072,
			"omit":	0,
			"duration":	10,
			"bytes":	0,
			"blocks":	0,
			"reverse":	0,
			"tos":	0,
			"target_bitrate":	0,
			"bidir":	0,
			"fqrate":	0,
			"interval":	1
		}
	},
	"intervals":	[{
			"streams":	[{
					"socket":	5,
					"start":	0,
					"end":	1.000654,
					"seconds":	1.0006539821624756,
					"bytes":	4301127680,
					"bits_per_second":	34386533260.618179,
					"retransmits":	0,
					"snd_cwnd":	2094848,
					"snd_wnd":	6192128,
					"rtt":	42,
					"rttvar":	4,
					"pmtu":	65536,
					"omitted":	false,
					"sender":	true
				}],
			"sum":	{
				"start":	0,
				"end":	1.000654,
				"seconds":	1.0006539821624756,
				"bytes":	4301127680,
				"bits_per_second":	34386533260.618179,
				"retransmits":	0,
				"omitted":	false,
				"sender":	true
			}
		}, {
			"streams":	[{
					"socket":	5,
					"start":	1.000654,
					"end":	2.000679,
					"seconds":	1.0000250339508057,
					"bytes":	3728736256,
					"bits_per_second":	29829143306.693886,
					"retransmits":	0,
					"snd_cwnd":	2094848,
					"snd_wnd":	6192128,
					"rtt":	53,
					"rttvar":	5,
					"pmtu":	65536,
					"omitted":	false,
					"sender":	true
				}],
			"sum":	{
				"start":	1.000654,
				"end":	2.000679,
				"seconds":	1.0000250339508057,
				"bytes":	3728736256,
				"bits_per_second":	29829143306.693886,
				"retransmits":	0,
				"omitted":	false,
				"sender":	true
			}
		}, {
			"streams":	[{
					"socket":	5,
					"start":	2.000679,
					"end":	3.00065,
					"seconds":	0.99997097253799438,
					"bytes":	4014866432,
					"bits_per_second":	32119863814.126492,
					"retransmits":	0,
					"snd_cwnd":	2094848,
					"snd_wnd":	6192128,
					"rtt":	42,
					"rttvar":	15,
					"pmtu":	65536,
					"omitted":	false,
					"sender":	true
				}],
			"sum":	{
				"start":	2.000679,
				"end":	3.00065,
				"seconds":	0.99997097253799438,
				"bytes":	4014866432,
				"bits_per_second":	32119863814.126492,
				"retransmits":	0,
				"omitted":	false,
				"sender":	true
			}
		}, {
			"streams":	[{
					"socket":	5,
					"start":	3.00065,
					"end":	4.000669,
					"seconds":	1.0000189542770386,
					"bytes":	4041605120,
					"bits_per_second":	32332228125.990826,
					"retransmits":	0,
					"snd_cwnd":	2094848,
					"snd_wnd":	6192128,
					"rtt":	38,
					"rttvar":	2,
					"pmtu":	65536,
					"omitted":	false,
					"sender":	true
				}],
			"sum":	{
				"start":	3.00065,
				"end":	4.000669,
				"seconds":	1.0000189542770386,
				"bytes":	4041605120,
				"bits_per_second":	32332228125.990826,
				"retransmits":	0,
				"omitted":	false,
				"sender":	true
			}
		}, {
			"streams":	[{
					"socket":	5,
					"start":	4.000669,
					"end":	5.001068,
					"seconds":	1.0003989934921265,
					"bytes":	3595567104,
					"bits_per_second":	28753064546.367306,
					"retransmits":	0,
					"snd_cwnd":	3207736,
					"snd_wnd":	6192128,
					"rtt":	79,
					"rttvar":	40,
					"pmtu":	65536,
					"omitted":	false,
					"sender":	true
				}],
			"sum":	{
				"start":	4.000669,
				"end":	5.001068,
				"seconds":	1.0003989934921265,
				"bytes":	3595567104,
				"bits_per_second":	28753064546.367306,
				"retransmits":	0,
				"omitted":	false,
				"sender":	true
			}
		}, {
			"streams":	[{
					"socket":	5,
					"start":	5.001068,
					"end":	6.000651,
					"seconds":	0.99958300590515137,
					"bytes":	2729050112,
					"bits_per_second":	21841508676.140537,
					"retransmits":	0,
					"snd_cwnd":	4778872,
					"snd_wnd":	6192128,
					"rtt":	65,
					"rttvar":	5,
					"pmtu":	65536,
					"omitted":	false,
					"sender":	true
				}],
			"sum":	{
				"start":	5.001068,
				"end":	6.000651,
				"seconds":	0.99958300590515137,
				"bytes":	2729050112,
				"bits_per_second":	21841508676.140537,
				"retransmits":	0,
				"omitted":	false,
				"sender":	true
			}
		}, {
			"streams":	[{
					"socket":	5,
					"start":	6.000651,
					"end":	7.000673,
					"seconds":	1.0000220537185669,
					"bytes":	3364749312,
					"bits_per_second":	26917400867.216721,
					"retransmits":	0,
					"snd_cwnd":	4778872,
					"snd_wnd":	6192128,
					"rtt":	45,
					"rttvar":	7,
					"pmtu":	65536,
					"omitted":	false,
					"sender":	true
				}],
			"sum":	{
				"start":	6.000651,
				"end":	7.000673,
				"seconds":	1.0000220537185669,
				"bytes":	3364749312,
				"bits_per_second":	26917400867.216721,
				"retransmits":	0,
				"omitted":	false,
				"sender":	true
			}
		}, {
			"streams":	[{
					"socket":	5,
					"start":	7.000673,
					"end":	8.000666,
					"seconds":	0.99999302625656128,
					"bytes":	3438149632,
					"bits_per_second":	27505388871.525173,
					"retransmits":	0,
					"snd_cwnd":	4778872,
					"snd_wnd":	6192128,
					"rtt":	49,
					"rttvar":	5,
					"pmtu":	65536,
					"omitted":	false,
					"sender":	true
				}],
			"sum":	{
				"start":	7.000673,
				"end":	8.000666,
				"seconds":	0.99999302625656128,
				"bytes":	3438149632,
				"bits_per_second":	27505388871.525173,
				"retransmits":	0,
				"omitted":	false,
				"sender":	true
			}
		}, {
			"streams":	[{
					"socket":	5,
					"start":	8.000666,
					"end":	9.00069,
					"seconds":	1.0000239610672,
					"bytes":	3428974592,
					"bits_per_second":	27431139456.624115,
					"retransmits":	0,
					"snd_cwnd":	4778872,
					"snd_wnd":	6192128,
					"rtt":	46,
					"rttvar":	18,
					"pmtu":	65536,
					"omitted":	false,
					"sender":	true
				}],
			"sum":	{
				"start":	8.000666,
				"end":	9.00069,
				"seconds":	1.0000239610672,
				"bytes":	3428974592,
				"bits_per_second":	27431139456.624115,
				"retransmits":	0,
				"omitted":	false,
				"sender":	true
			}
		}, {
			"streams":	[{
					"socket":	5,
					"start":	9.00069,
					"end":	10.001274,
					"seconds":	1.0005840063095093,
					"bytes":	3156869120,
					"bits_per_second":	25240212516.636929,
					"retransmits":	0,
					"snd_cwnd":	4778872,
					"snd_wnd":	6192128,
					"rtt":	78,
					"rttvar":	39,
					"pmtu":	65536,
					"omitted":	false,
					"sender":	true
				}],
			"sum":	{
				"start":	9.00069,
				"end":	10.001274,
				"seconds":	1.0005840063095093,
				"bytes":	3156869120,
				"bits_per_second":	25240212516.636929,
				"retransmits":	0,
				"omitted":	false,
				"sender":	true
			}
		}],
	"end":	{
		"streams":	[{
				"sender":	{
					"socket":	5,
					"start":	0,
					"end":	10.001274,
					"seconds":	10.001274,
					"bytes":	36975411200,
					"bits_per_second":	29576560906.140556,
					"retransmits":	0,
					"max_snd_cwnd":	4778872,
					"max_snd_wnd":	6192128,
					"max_rtt":	79,
					"min_rtt":	38,
					"mean_rtt":	53,
					"sender":	true
				},
				"receiver":	{
					"socket":	5,
					"start":	0,
					"end":	10.001386,
					"seconds":	10.001274,
					"bytes":	36975411200,
					"bits_per_second":	29576229694.564335,
					"sender":	true
				}
			}],
		"sum_sent":	{
			"start":	0,
			"end":	10.001274,
			"seconds":	10.001274,
			"bytes":	36975411200,
			"bits_per_second":	29576560906.140556,
			"retransmits":	0,
			"sender":	true
		},
		"sum_received":	{
			"start":	0,
			"end":	10.001386,
			"seconds":	10.001386,
			"bytes":	36975411200,
			"bits_per_second":	29576229694.564335,
			"sender":	true
		},
		"cpu_utilization_percent":	{
			"host_total":	100.11365905064051,
			"host_user":	1.2211374842630351,